ESM1b_AVE_91,ESM1b_AVE_497,ESM1b_AVE_315
0.37144872,0.458764488,0.43824031
0.362293526,0.619454832,0.488808302
0.140615012,0.609261429,0.280284742
0.508086253,0.763260281,0.5226814
0.254078891,0.537629827,0.468355091
0.833465666,0.777121906,0.166538757
0.669883652,0.587970588,0.379169656
0.930500538,0.682212221,0.003912776
0.818852164,0.803345012,0.024004154
0.259876709,0.463011897,0.386480982
0.21467049,0.364027471,0.331454363
0.476360211,0.637786259,0.487813299
0.438120302,0.557090259,0.444270947
0.41579223,0.572510726,0.456606576
0.468667025,0.620283567,0.484215029
0.37090995,0.535511255,0.45164296
0.321310295,0.506384791,0.381314474
0.428056485,0.52532396,0.457745959
0.281178619,0.331334279,0.293305127
0.186010381,0.61702428,0.604196833
0.502545377,0.629477214,0.475503075
0.50834444,0.669333732,0.515315696
0.489690941,0.651405641,0.489541104
0.347935489,0.496964314,0.422785472
0.352493934,0.615239996,0.261373941
0.323670542,0.386726287,0.418092513
0.409297906,0.541663555,0.452940548
0.44274625,0.591242144,0.434955897
0.384689118,0.436010893,0.454753148
0.410643123,0.521834162,0.434929915
0.16861161,0.581377029,0.567649983
0.436141953,0.403313261,0.54370863
0.396660663,0.597658519,0.461964272
0.186533906,0.746916743,0.51990624
0.445681881,0.442111708,0.495359767
0.378054544,0.418992696,0.470911767
0.437064478,0.576089026,0.471745712
0.378954375,0.543912457,0.47815253
0.487177222,0.654511937,0.453396396
0.566790453,0.714150549,0.530197815
0.563710491,0.619290575,0.655794059
0.393662887,0.489698234,0.343224162
0.436610432,0.734216113,0.558638242
0.284150067,0.792401288,0.497738735
0.523066904,0.671578142,0.486712724
0.762764307,0.718114422,0.425699223
0.520184676,0.815702759,0.570236607
0.45475416,0.554342302,0.827857393
0.803679851,0.948826984,0.461920986
0.596584962,0.685858627,0.494685659
0.553009874,0.60046715,0.580354572
0.452105881,0.917303759,0.344195416
0.860220908,0.724628213,0.409685825
0.745617178,0.762847329,0.510073073
0.714222866,0.873000991,0.374553463
0.649862706,0.758676807,0.399501606
0.385580588,0.920301157,0.226077797
0.884157278,0.939380721,0.303453296
0.628333018,0.791273943,0.439948043
0.505207542,0.844780492,0.572309183
0.675883584,0.824536424,0.481533114
0.412450813,0.929193193,0.179712568
0.554238846,0.77639573,0.448611127
0.751434058,0.84363092,0.294977197
0.861997044,0.679829916,0.465676612
0.490865448,0.829826342,0.473851461
0.520300439,0.818503453,0.539733489
0.796496917,0.828611569,0.458782447
0.682968024,0.406672149,0.544704018
0.449469547,0.577693656,0.586922849
0.676008173,0.732631328,0.412687322
0.462797888,0.715255856,0.611356747
0.591253532,0.821914475,0.436080987
0.529525858,0.787094992,0.361700068
0.531356658,0.642501563,0.482698018
0.633491001,0.83867475,0.42265156
0.57354099,0.795028639,0.528840345
0.400857798,0.878529831,0.288341442
0.536527979,0.658502734,0.194739449
0.751528669,0.53409583,0.474521801
0.714483458,0.771018057,0.51497977
0.443405794,0.640466098,0.577625818
0.64802965,0.751742907,0.260397881
0.777644324,0.771430235,0.156496943
0.858300506,0.882661283,0.056664806
0.80944497,0.892906408,0.180446482
0.3688238,0.74956424,0.251177981
0.874481197,0.90955708,0.020308774
0.633192136,0.805240079,0.329042135
0.279804354,0.777030074,0.430457981
0.828005633,0.803823441,0.216445854
0.660434669,0.775647619,0.229757082
0.572919503,0.880641542,0.252964669
0.582775218,0.86222113,0.280782
0.574610119,0.692907888,0.334142261
0.555683187,0.514818552,0.326230538
0.513477106,0.892997931,0.305454198
0.812784496,0.765202762,0.218088129
0.761151281,0.719547352,0.113914804
0.813534985,0.891227571,0.168311847
0.785116584,0.847059197,0.145663179
0.25843557,0.815686313,0.514498249
0.448578924,0.782894227,0.796923921
0.830468819,0.803036674,0.146612112
0.767534371,0.859859694,0.137876471
0.783024478,0.834462493,0.153906676
0.667906049,0.739990068,0.153002454
0.61227899,0.68758653,0.080765737
0.73285357,0.801001656,0.260014042
0.853757374,0.921284337,0.189119521
0.826858714,0.893487508,0.141942314
0.605354725,0.755162169,0.459084926
0.788849271,0.804092658,0.285971308
0.643167281,0.74935176,0.24272653
0.398663233,0.941067919,0.330753956
0.581732151,0.694426243,0.196343923
0.817476704,0.864859113,0.148474024
0.820785323,0.867454793,0.188499505
0.723534502,0.764289686,0.19158992
0.556564022,0.69188194,0.156968133
0.559038175,0.709239005,0.118673528
0.761643168,0.888922665,0.140763447
0.71968401,0.768637438,0.188098391
0.803181244,0.774569201,0.176766753
0.637083222,0.710053246,0.233631236
0.667363165,0.866334915,0.165620373
0.751862954,0.863620531,0.191635675
0.73863085,0.861759956,0.127902492
0.772104693,0.657230725,0.171078511
0.726135267,0.910363373,0.314352553
0.886765127,1,0.522774879
0.566513802,0.746164039,0.355191783
0.814954242,0.521686167,0.35597268
0.7150858,0.849451497,0.2977649
0.696339133,0.672015032,0.270992765
0.620944952,0.692256254,0.065033593
0.628362714,0.730625349,0.174807586
0.555968664,0.543209863,0.26643382
0.682808297,0.72619958,0.19910029
0.730152088,0.815599745,0.087787897
0.583763937,0.570830768,0.074261839
0.436152786,0.936545706,0.49307898
0.601496951,0.686144061,0.119284889
0.752805088,0.756066384,0.265781837
0.796130499,0.887403528,0.230681743
0.653371614,0.675001251,0.191570421
0.670542931,0.718394564,0.23537718
0.469270164,0.694091601,0.214972964
0.738357434,0.756544934,0.222016436
0.527154082,0.770734096,0.136356407
0.669173145,0.661083429,0.348003171
0.773764635,0.779014978,0.197531667
0.565965376,0.539579628,0.117557862
0.639781237,0.602889773,0.219545557
0.711390341,0.749151976,0.151504865
0.55234386,0.640025447,0.302444687
0.702699378,0.734990167,0.23401475
0.757588341,0.745402527,0.189836399
0.501420589,0.766003997,0.270013318
0.685712888,0.731979574,0.241590031
0.588435026,0.752319396,0.112245179
0.671566189,0.695930919,0.301230021
0.503083965,0.700163304,0.09313814
0.600683304,0.6800172,0.123516712
0.706446349,0.727503432,0.278318339
0.76218748,0.737367706,0.22668803
0.622712976,0.719000883,0.277045279
0.633701227,0.715713933,0.344359396
0.863576891,0.584248069,0.368361737
0.613706858,0.777173912,0.294581813
0.6206217,0.686824639,0.260124912
0.688111142,0.765816926,0.182642511
0.690044732,0.66342897,0.097679279
0.672169096,0.67738401,0.229594317
0.524888778,0.638930153,0.074596503
0.627184755,0.658608346,0.118156856
0.728996194,0.761116864,0.310939806
0.563043581,0.75091191,0.342903096
0.753426641,0.721374242,0.19373207
0.427974249,0.709163963,0.366690497
0.585588632,0.712202736,0.296867811
0.410178077,0.629624838,0.174159536
0.675176295,0.774477833,0.265771882
0.568224442,0.662909244,0.227486068
0.693207311,0.790503519,0.261992195
0.683621413,0.749025409,0.125520334
0.654504713,0.697727531,0.136965459
0.699047251,0.7012875,0.337388292
0.499800961,0.634042453,0.402662825
0.51390358,0.636074855,0.275811713
0.804113126,0.674732632,0.219245325
0.406674114,0.739700293,0.36100965
0.482480435,0.64504078,0.15429243
0.642604654,0.699408019,0.337981488
0.451299534,0.668440123,0.243967981
0.684555617,0.731102626,0.263821865
0.574023836,0.802879141,0.115621956
0.653193721,0.727088931,0.095015583
0.655975731,0.686510306,0.210295691
0.69816051,0.735802154,0.296075177
0.677050494,0.72525036,0.218308775
0.70727642,0.598156951,0.225664659
0.573959899,0.620134165,0.118598286
0.708165434,0.746577904,0.279705263
0.79200971,0.646722198,0.164959016
0.814885096,0.895060612,0.168588544
0.595411648,0.660882493,0.208522397
0.541459429,0.743870745,0.096889519
0.639443502,0.642577826,0.231402589
0.697850231,0.640690569,0.277941496
0.608543549,0.649841121,0.304461496
0.60076277,0.715000591,0.299359437
0.644982038,0.681875714,0.147973345
0.665330202,0.858156359,0.169146556
0.519480124,0.676255953,0.236783278
0.619389858,0.732624894,0.254888019
0.722447339,0.688359636,0.164958452
0.638621013,0.678841378,0.16974449
0.662895915,0.688636547,0.256567719
0.721556152,0.810038201,0.229442926
0.476159043,0.722398882,0.440889245
0.780468156,0.62752061,0.528708314
0.324954111,0.410713022,0.454513636
0.700512495,0.793352985,0.485356191
0.4268986,0.547029812,0.501827592
0.313491824,0.577026692,0.343515586
0.342217734,0.362419709,0.114652721
0.154665556,0.701870131,0.578982833
0.269826704,0.453578201,0.332785509
0.113174652,0.318207097,0.20638088
0.27575646,0.394143456,0.212088656
0.152708657,0.547447583,0.2113212
0.19851766,0.656786927,0.700170826
0.18159456,0.496939582,0.407940136
0.142861635,0.324577859,0.223850211
0.289285007,0.452358548,0.287430926
0.476656836,0.483049834,0.348627053
0.352793628,0.681339066,0.569779873
0.322483625,0.436611406,0.444745191
0.513023774,0.532821335,0.538778736
0.549618157,0.306170608,0.39511244
0.51589711,0.693113985,0.402793665
0.466495255,0.717044709,0.455258856
0.15990119,0.635386768,0.329072239
0.443120516,0.700136088,0.411527133
0.387529424,0.492886849,0.311755444
0.452019365,0.697562945,0.448707527
0.226414835,0.741844432,0.360493841
0.476843604,0.626573988,0.473615407
0.543601304,0.248296403,0.43208598
0.558230683,0.200101277,0.440773388
0.279500495,0.83304102,0.4105847
0.325310045,0.472080912,0.319266891
0.688784688,0.50826555,0.820916804
0.562645178,0.612259705,0.589829608
0.476869849,0.705778746,0.562182279
0.039688868,0.302284907,0.342796228
0.432948633,0.538930832,0.767426737
0.536554042,0.699178611,0.597502635
0.486316842,0.736495799,0.635316903
0.529068362,0.529280162,0.746132786
0.553955692,0.712248772,0.498778
0.250945493,0.604197806,0.576047441
0.504631328,0.70442841,0.555969591
0.594378851,0.727408538,0.702803863
0.369242178,0.607775616,0.611109205
0.500425036,0.318304779,0.962878958
0.645076169,0.636370859,0.680909472
0.522402864,0.611301084,0.731902148
0.359414964,0.570234392,0.701928778
0.334526124,0.708279291,0.26832298
0.355000635,0.750248904,0.368172922
0.247642797,0.352364159,0.624213684
0.214108932,0.277235114,0.425158383
0.732406674,0.665336252,0.202721574
0.488524794,0.597425567,0.449531179
0.397707114,0.629604537,0.375530372
0.435297914,0.378669386,0.303440006
0.913457079,0.879988532,0.114773956
0.809840372,0.85075793,0.068705933
0.887104621,0.891229309,0.123226075
0.676833118,0.698596703,0.26362301
0.671978778,0.6862607,0.267223956
0.649916092,0.693266993,0.236329979
0.662729088,0.703147464,0.225157207
0.856048143,0.92969846,0.11040682
0.837277338,0.817416777,0.133468678
0.941644832,0.837199723,0.091427756
0.838746165,0.699804319,0.210513806
0.601435851,0.624682052,0.380432641
0.670518494,0.674539155,0.234647235
0.831818183,0.853159124,0.126587646
0.688082458,0.656307603,0.271976744
0.809424465,0.827775101,0.068057062
0.91485379,0.891474149,0.113599126
0.823869432,0.861634732,0.088881464
0.649970872,0.688117439,0.242549739
0.883376015,0.88313087,0.084817896
0.66279981,0.662804225,0.249885593
0.846969958,0.835095048,0.145756158
0.672940654,0.675387235,0.239966502
0.692463574,0.672527173,0.259280042
0.618818024,0.689461487,0.241368598
0.657710393,0.71728979,0.239320163
0.761353395,0.720077718,0.223896171
0.629282999,0.612838946,0.22543505
0.754056954,0.832259621,0.168840559
0.830482025,0.698157677,0.30493674
0.773653433,0.745981923,0.214225469
0.752555909,0.689580551,0.206019123
0.642438524,0.65850276,0.356836153
0.860054678,0.776050198,0.300982794
0.562931451,0.604778259,0.232407043
0.708777464,0.7859298,0.207287753
0.69826058,0.627824441,0.23504161
0.726751611,0.631530141,0.354444929
0.780020315,0.834019503,0.113407865
0.604524555,0.696352783,0.214618869
0.733740494,0.737710864,0.24023256
0.821039844,0.697651509,0.284113569
0.789908894,0.70443198,0.254291009
0.681489259,0.673866,0.312555175
0.543826726,0.85316093,0.279395178
0.654829293,0.707708505,0.190403288
0.541684237,0.821808088,0.176808146
0.765821176,0.752255347,0.227921989
0.743902672,0.569663007,0.551902717
0.649100787,0.617075959,0.256166365
0.636805708,0.704303702,0.149935352
0.663351703,0.705607228,0.178064016
0.7646145,0.74003669,0.302716201
0.540968719,0.782040349,0.225305296
0.761937007,0.68859166,0.246191616
0.586908466,0.63285235,0.225465667
0.642498795,0.606936326,0.148065332
0.841532686,0.749218863,0.145318594
0.608739193,0.679615354,0.239459478
0.744515665,0.758834133,0.212548575
0.697352338,0.591609883,0.300171979
0.621678354,0.582648286,0.304561077
0.645315908,0.738828971,0.221029685
0.599665255,0.762832757,0.208449019
0.739362443,0.750300412,0.233968072
0.757988951,0.758897219,0.238352518
0.73431178,0.807076259,0.201489359
0.656316684,0.69874553,0.192919391
0.65728357,0.600990405,0.212400879
0.743687005,0.702615713,0.336609035
0.673996793,0.685042229,0.305225411
0.766377929,0.762239271,0.221092647
0.771451619,0.742721208,0.234782804
0.847915544,0.870477687,0.103571286
0.679374243,0.656129351,0.255774709
0.730551421,0.758120601,0.196498084
0.544475984,0.719797095,0.295845945
0.65637581,0.697230866,0.162120633
0.739144387,0.746354774,0.223825102
0.460341437,0.66263312,0.203126622
0.73034803,0.737282824,0.239825289
0.811962638,0.810135951,0.170066001
0.724033904,0.829434257,0.184334748
0.774001039,0.759238433,0.229156616
0.573743402,0.640418289,0.05592701
0.689229842,0.631186312,0.23587201
0.511433858,0.645394753,0.073200616
0.475039,0.703201612,0.121640467
0.573493676,0.691192659,0.056911349
0.682401349,0.679129958,0.149228753
0.772601076,0.803839647,0.125809551
0.507302451,0.580483158,0.408997929
0.686190641,0.744323696,0.225149749
0.660541275,0.731197675,0.159653039
0.587113599,0.661045296,0.113630564
0.698621457,0.6870627,0.097108866
0.716711086,0.753326763,0.135300999
0.570036147,0.773993383,0.096568539
0.489639744,0.750752605,0.232816658
0.57378403,0.64995943,0.135599505
0.663914246,0.693590746,0.110326019
0.59172669,0.690604736,0.232616349
0.555317515,0.710690962,0.126581522
0.571268934,0.697226823,0.09193165
0.665749476,0.744306613,0.138609136
0.565839393,0.683757025,0.192040552
0.656680133,0.668776072,0.079568483
0.596053806,0.763129483,0.159133443
0.639687804,0.656458263,0.115258762
0.690888655,0.646824713,0.222708649
0.624503844,0.685268723,0.256557422
0.561646522,0.672070186,0.254201057
0.600255387,0.685532958,0.207366621
0.707422427,0.710746925,0.202104619
0.735286132,0.589184304,0.162907588
0.564431351,0.697133333,0.134413574
0.621579229,0.618290071,0.066606202
0.566218503,0.677905345,0.076847402
0.68246824,0.634225876,0.199393425
0.740666302,0.722212482,0.180754754
0.582413129,0.695207805,0.229618468
0.561532152,0.594839383,0.094068788
0.598381205,0.598525437,0.211760885
0.569813296,0.688415403,0.135781187
0.477955403,0.67874792,0.200321986
0.519290171,0.561897799,0.428124416
0.565865257,0.631660251,0.027939884
0.619674456,0.639689136,0.211967437
0.492943702,0.741902288,0.095314601
0.586159603,0.651530511,0.154572993
0.534777408,0.718281537,0.170312971
0.595856918,0.767893284,0.236367848
0.816683811,0.744759564,0.093297125
0.566972675,0.62605501,0.223591457
0.496637137,0.661783405,0.510401596
0.255360751,0.787064301,0.067196353
0.637854515,0.653809442,0.145943006
0.626255196,0.687202822,0.249018454
0.227461013,0.821685995,0
0.509922759,0.664475458,0.07446692
0.536089146,0.597652257,0.05779118
0.578193847,0.691399142,0.069712353
0.529723012,0.605678913,0.3546164
0.509378349,0.642267492,0.243886736
0.727713737,0.775378109,0.145644706
0.606028752,0.668619779,0.139797804
0.580905034,0.674123244,0.029642896
0.54977805,0.621278255,0.269973978
0.763197964,0.701924408,0.09900904
0.621262945,0.5677293,0.290389056
0.612312668,0.666309402,0.129249751
0.526233282,0.628191088,0.443306424
0.749580297,0.820868864,0.164191253
0.490721034,0.65159863,0.090820808
0.611728375,0.751550434,0.192236585
0.598195101,0.643167768,0.180235774
0.618024335,0.657030769,0.184912704
0.570745908,0.635107211,0.115225426
0.376807705,0.466770541,0.41477679
0.603561086,0.583968453,0.131955199
0.656374184,0.681248111,0.192718244
0.515752546,0.760093824,0.167576581
0.263876376,0.857267782,0.040779134
0.598806202,0.656368676,0.185807895
0.617610917,0.677263981,0.056343758
0.466184578,0.758340428,0.165008123
0.525871077,0.549982577,0.183546425
0.620005107,0.745892431,0.245561286
0.612868741,0.705047942,0.182137248
0.551816521,0.627941493,0.177627342
0.616528135,0.658489993,0.231866477
0.604429944,0.737022123,0.090336703
0.5738014,0.667397402,0.153490458
0.572447142,0.660348599,0.264567085
0.557572532,0.676618007,0.270432666
0.562745894,0.628908028,0.141333347
0.480175034,0.584166958,0.152123273
0.649267713,0.855355304,0.193069293
0.627388561,0.629979453,0.249191721
0.47721276,0.653464262,0.138224733
0.403660262,0.813466375,0.522166768
0.513624639,0.781569455,0.038220099
0.615234811,0.67296249,0.101778065
0.572291745,0.652001955,0.255378607
0.585506711,0.574658308,0.123080773
0.769845628,0.809959014,0.131307063
0.657772737,0.715196263,0.112823427
0.573125996,0.804407035,0.616308924
0.523701513,0.65768765,0.216046074
0.522316332,0.76158664,0.604096798
0.490111127,0.611275538,0.224483158
0.633966912,0.704916215,0.107137168
0.433932275,0.430344102,0.523374631
0.598957252,0.676662874,0.196437997
0.719516935,0.64006922,0.137673836
0.518082516,0.663709215,0.139688592
0.689758824,0.589519824,0.106302202
0.52268927,0.777556294,0.193318282
0.518597995,0.700882324,0.266396276
0.587697112,0.825501867,0.171313815
0.621521331,0.636892228,0.101770334
0.787558004,0.733854668,0.241822684
0.628272565,0.662962584,0.237664529
0.614492982,0.627831157,0.205183318
0.723817607,0.585238512,0.110404562
0.599734119,0.772522502,0.158748423
0.893347029,0.645167715,0.3304984
0.636757697,0.699329967,0.141825406
0.560849382,0.815497866,0.294752275
0.544152749,0.696654567,0.300505788
0.827107893,0.854545312,0.231013123
0.610129534,0.663115006,0.231807039
0.506241202,0.593263294,0.279620357
0.601930558,0.762819476,0.231963715
0.604412193,0.707712229,0.232544904
0.627010363,0.670716454,0.212878261
0.641110727,0.77771307,0.386170617
0.666854588,0.732466897,0.213031739
0.75300682,0.611944692,0.129194093
0.664986245,0.634127128,0.098499929
0.535689846,0.668261912,0.178557682
0.646812855,0.695011203,0.153057923
0.589810851,0.697923995,0.279829236
0.568335444,0.787851739,0.23444737
0.663561199,0.789834338,0.205284439
0.676890651,0.594582553,0.175834138
0.445407602,0.671920148,0.139608629
0.730854301,0.645096769,0.144326627
0.722010912,0.679221085,0.164501543
0.546409293,0.737007844,0.203198221
0.53354978,0.618055388,0.227121266
0.702959058,0.678114952,0.15641113
0.621477866,0.790319786,0.287230309
0.725554027,0.631944384,0.218956842
0.602687186,0.732430167,0.122460398
0.598116996,0.657484666,0.22287126
0.605663893,0.61758575,0.141762581
0.667774426,0.718069658,0.201862182
0.585786697,0.750786376,0.107279904
0.691516911,0.659775162,0.109373905
0.80049169,0.731664887,0.212314194
0.635809541,0.653077287,0.344950864
0.5490406,0.720222297,0.350776404
0.608705565,0.640609533,0.098265394
0.708054282,0.641574415,0.175638533
0.647859771,0.727323966,0.109307438
0.758099256,0.636630451,0.291903185
0.566475363,0.659399414,0.149146105
0.612895832,0.67330625,0.176827286
0.568336356,0.703809928,0.04737052
0.607941456,0.677085968,0.374382676
0.618240616,0.643121962,0.199635417
0.55541347,0.709447253,0.213700964
0.436772531,0.723575927,0.025005563
0.619387883,0.665404928,0.133187414
0.682066136,0.64888053,0.255859273
0.575677739,0.786084958,0.197478318
0.632991266,0.772809267,0.044947295
0.632075543,0.732474845,0.114133911
0.533833432,0.636556852,0.079986223
0.702706313,0.664918397,0.221747846
0.601500518,0.633145841,0.314316873
0.620846541,0.683921965,0.350874726
0.647017109,0.73828885,0.131272478
0.678918587,0.748448318,0.204652536
0.521606106,0.735763361,0.160233253
0.818561229,0.937016428,0.169589559
0.628003445,0.606068204,0.670932872
0.732124648,0.545866481,0.659759996
0.600901427,0.599341949,0.253331061
0.778642366,0.726334903,0.688232395
0.510338848,0.863869534,0.511412149
0.369024387,0.681625874,0.598188684
0.347500206,0.443300393,0.546957849
0.369290172,0.554991178,0.420628927
0.418703175,0.556114288,0.573765537
0.493416876,0.54111907,0.402106036
0.326021532,0.571624824,0.42133898
0.769622279,0.555603788,0.802530645
0.536552267,0.695867232,0.415723688
0.612087063,0.369460006,0.455337801
0.485612339,0.563835896,0.378360397
0.346957919,0.453361021,0.514420029
0.708715385,0.548182499,0.688270811
0.38482114,0.28373743,0.419432708
0.545501167,0.551680579,0.705266181
0.568234777,0.581632833,0.205455671
0.894330356,0.678696825,0.536980093
0.565355452,0.52609372,0.52713471
0.416401839,0.544050451,0.443765096
0.525089946,0.678962645,0.625552025
0.600546488,0.653558262,0.635032572
0.855986396,0.235673859,0.636027042
0.687995843,0.596584949,0.730670076
0.257487579,0.501314164,0.537370221
0.470603054,0.625576168,0.36716527
0.669003945,0.651594357,0.273526656
0.524342709,0.629159741,0.263981654
0.572614748,0.383321889,0.764450698
0.602276987,0.632188725,0.218068459
0.521965939,0.595363557,0.47705437
0.668195309,0.766106168,0.203407801
0.680545515,0.598050783,0.234640923
0.511586948,0.670387059,0.205988985
0.654965744,0.65528532,0.223553741
0.500729408,0.746911582,0.161753471
0.519896727,0.651428728,0.321602834
0.561475696,0.700176104,0.199497864
0.706224594,0.678385511,0.159178273
0.564662779,0.720599862,0.208459727
0.629172843,0.771303652,0.030161005
0.415886924,0.553181704,0.478042379
0.568348102,0.760253456,0.117551704
0.636175479,0.677500247,0.265028492
0.569429923,0.760957147,0.139534978
0.515007167,0.685764758,0.14725072
0.612101695,0.60737123,0.115925661
0.760495039,0.770838848,0.175132038
0.464254339,0.600769146,0.345336944
0.658001013,0.776989955,0.042693043
0.595344758,0.695063984,0.26137637
0.570346044,0.726549258,0.138169794
0.696856585,0.609787159,0.218691571
0.615278508,0.746841581,0.215841557
0.563916968,0.630951261,0.153670379
0.585651374,0.660952631,0.162388419
0.557137797,0.697992602,0.108971508
0.5565185,0.645551922,0.208552295
0.549445391,0.650824428,0.217369592
0.503390627,0.770320989,0.393598636
0.692173751,0.733911801,0.260211511
0.535757931,0.630282716,0.24469011
0.589744574,0.625959823,0.160011563
0.462966772,0.750508677,0.236176672
0.502719636,0.679385206,0.254016655
0.582504622,0.64988862,0.091610379
0.666300008,0.704643884,0.082585298
0.334290715,0.627435934,0.430788454
0.639811663,0.775528416,0.346030491
0.564076512,0.597419368,0.26748372
0.609084294,0.532300334,0.227465474
0.621826334,0.628255343,0.080056556
0.536091436,0.685016751,0.233581377
0.540891643,0.733581614,0.200547422
0.664563869,0.646247536,0.163525072
0.591647921,0.637656751,0.121796835
0.539607842,0.672273755,0.034516304
0.614840405,0.716439267,0.118088832
0.634403589,0.681122947,0.226674038
0.405904165,0.805231357,0.294532775
0.631526753,0.662736581,0.203641497
0.653299913,0.641906828,0.177267329
0.624066952,0.720298887,0.153605536
0.653886246,0.675573928,0.239705695
0.507821994,0.686625105,0.135918501
0.551459392,0.704862076,0.039582975
0.673377629,0.7276167,0.327606498
0.526551192,0.604829759,0.111513267
0.486687159,0.522389503,0.097030015
0.62002523,0.607687162,0.091814554
0.662970569,0.622849674,0.15060562
0.492590671,0.560937449,0.107915365
0.672881097,0.668943996,0.200505276
0.634741772,0.689354858,0.096546526
0.588138367,0.625208341,0.249848887
0.625079046,0.687114888,0.175555816
0.608493614,0.68795705,0.142414018
0.695270468,0.701917809,0.188630165
0.709376489,0.728266218,0.149141761
0.604695463,0.682191318,0.275590741
0.512039335,0.662574404,0.194645785
0.630769727,0.608611705,0.160034705
0.654466424,0.639996374,0.12969207
0.654565366,0.656837608,0.259828699
0.622757188,0.69858517,0.422432215
0.619560666,0.634115413,0.305535444
0.63465008,0.693016693,0.267036253
0.680457208,0.754374611,0.1742454
0.685288189,0.736535952,0.214195707
0.510669068,0.692525144,0.230327409
0.582351299,0.641525144,0.118026247
0.630151392,0.722490628,0.032765109
0.412887125,0.662137848,0.380106324
0.483689582,0.663504776,0.222824463
0.627461058,0.623108913,0.06001904
0.411253063,0.439808099,0.496705134
0.671655774,0.700564713,0.199912439
0.554179173,0.787181423,0.192513915
0.491613532,0.719641146,0.289607934
0.647986251,0.693193844,0.088801501
0.52228292,0.702726727,0.280894358
0.661900145,0.757808496,0.19506674
0.6412496,0.685022806,0.19711249
0.655642707,0.703266528,0.117335283
0.540493488,0.641389667,0.161405534
0.615038371,0.658365983,0.083683706
0.585443919,0.622340949,0.141048423
0.501381504,0.630791062,0.189078334
0.177546484,0.763115772,0.10612548
0.599863072,0.587427307,0.061738883
0.64746865,0.632045592,0.12056686
0.587883199,0.695363359,0.025676738
0.70735834,0.67681399,0.221613509
0.629314089,0.693538155,0.096658303
0.631316576,0.686183216,0.165944227
0.515255748,0.632738549,0.211193773
0.430380317,0.654890707,0.376385921
0.613734264,0.700508604,0.122458466
0.603815756,0.704812829,0.091823841
0.695248553,0.631950267,0.152085079
0.520295711,0.658923215,0.31140111
0.65549675,0.736019882,0.166782854
0.742017242,0.741256176,0.145067092
0.606275393,0.700309138,0.152094435
0.655170047,0.638123395,0.211343402
0.680889621,0.768288035,0.113048537
0.564501509,0.794977837,0.283175019
0.663974915,0.627811841,0.184334679
0.619991619,0.676184497,0.109615675
0.613577723,0.697674312,0.033320641
0.684329167,0.627491536,0.098369885
0.621277644,0.728951295,0.105508269
0.512741631,0.632579578,0.206491357
0.534608474,0.566986075,0.140521899
0.479376302,0.690228702,0.274925775
0.631048203,0.655179271,0.033889977
0.655350113,0.648982495,0.177430864
0.581804881,0.614912036,0.253640359
0.49648111,0.661926314,0.25114391
0.460566792,0.762754757,0.309647024
0.536333282,0.680506718,0.061752789
0.654607836,0.643158863,0.206314036
0.551328034,0.783906618,0.313388414
0.610926872,0.6532195,0.254751458
0.601729457,0.650474175,0.159951664
0.588937099,0.650389104,0.194900127
0.51509058,0.788409786,0.237015487
0.708050798,0.646076138,0.234448893
0.729180125,0.704032575,0.208810332
0.691240094,0.589168002,0.144107486
0.6761966,0.642938858,0.284778159
0.674983604,0.663242925,0.21535487
0.549554386,0.658939685,0.286100908
0.392698091,0.312081977,0.421659328
0.731223341,0.905301625,0.476662446
0.207093638,0.311893004,0.306305756
0.576501024,0.469607109,0.498528712
0.346292718,0.484536173,0.520600994
0.32829722,0.397355937,0.452038515
0.331838046,0.405751832,0.438471236
0.446966445,0.672991323,0.323832421
0.456820717,0.934460558,0.430476898
0.704459556,0.907020305,0.494330536
0.343326679,0.473195349,0.45247845
0.34651741,0.573269899,0.423246492
0.3967856,0.540992999,0.458647166
0.434710585,0.568419367,0.406891544
0.306617859,0.446066229,0.439314138
0.341236364,0.407621039,0.462057097
0.388176509,0.519963768,0.476647507
0.215101267,0.825040125,0.496896366
0.367597831,0.5805347,0.394279434
0.241801447,0.600855972,0.508743438
0.383337315,0.449022614,0.487285381
0.316090748,0.485092732,0.394583676
0.341578098,0.511028429,0.388580891
0.382571265,0.485020138,0.477703656
0.378544159,0.387792375,0.525077806
0.579910774,0.65453487,0.234410442
0.338588699,0.459919906,0.445322472
0.6479181,0.455208794,0.566679605
0.522952849,0.75211218,0.558350742
0.88344458,0.66752531,0.262012925
0.620412353,0.892415214,0.288239585
0.095883334,0.524219063,0.31274878
0.308071274,0.495529975,0.133335093
0.123641615,0.450508682,0.473156201
0.149183857,0.472551915,0.611313437
0.712069278,0.818387003,0.184900064
0.259361828,0.563903991,0.425333121
0.334802228,0.420154733,0.448311561
0.144621373,0.248407727,1
0.810835527,0.84267346,0.379179337
0.272824695,0.624693999,0.468831592
0.854122997,0.690804434,0.194094922
0.200776468,0.622966348,0.03589666
0.346358497,0.447091023,0.429931286
0.682770224,0.736330921,0.220361538
0.68899075,0.765574288,0.209680448
0.684967708,0.694485654,0.133279127
0.67922963,0.717477858,0.238828002
0.646577015,0.638811019,0.15168251
0.720138289,0.719186389,0.204154201
0.661794468,0.616199828,0.244376279
0.524420614,0.699513012,0.281944104
0.684086408,0.660820904,0.234918886
0.680016931,0.730302233,0.221534948
0.696071208,0.636547098,0.253351159
0.712787765,0.76057363,0.230474336
0.703924883,0.743373444,0.23077852
0.475589615,0.190032075,0.421947553
0.372868408,0.55090742,0.562012763
0.395782283,0.763584894,0.330156296
0.271866419,0.320079387,0.569419477
0.398337476,0.195404466,0.44425528
0.208368956,0.457870354,0.299059666
0.320860563,0.35255849,0.48151668
0.311433146,0.231448975,0.367901321
0.425862733,0.463677561,0.340916323
0.302094983,0.263892054,0.447403799
0.578198226,0.56616536,0.626680326
0.257133188,0.391984614,0.387731266
0.274415457,0.360495275,0.288016989
0.486971591,0.201655612,0.561384469
0.3005842,0.369110723,0.417535655
0.286736765,0.281862078,0.348563715
0.320296957,0.450689529,0.464904992
0.258411415,0.480019588,0.473818391
0.425086596,0.282167182,0.560415094
0.240593975,0.235955739,0.548862257
0.369055012,0.474400947,0.409972792
0.15466053,0.680362226,0.432060762
0.249188816,0.347673704,0.562865213
0.280948187,0.419535655,0.421946527
0.468817379,0.414725853,0.566246362
0.423878826,0.338551685,0.447526557
0.366198481,0.541156198,0.548221324
0.305243693,0.251923569,0.522878957
0.433846472,0.485845515,0.321971501
0.407646939,0.713414532,0.315894784
0.261224364,0.321423713,0.39757894
0.342975887,0.470340817,0.492300122
0.348787442,0.149489732,0.52706579
0.203368914,0.203147963,0.366124418
0.463037942,0.452055023,0.337042185
0.440172891,0.453191021,0.256014615
0.477495898,0.389684091,0.496918561
0.565480058,0.579031153,0.60217981
0.415540148,0.229077612,0.49493485
0.252560228,0.573989891,0.367284802
0.25175554,0.263281192,0.277361025
0.399933614,0.262417336,0.605936064
0.296161792,0.31684242,0.79773891
0.48400303,0.486460149,0.366966243
0.338615144,0.588226827,0.396354661
0.419927668,0.287493726,0.418029543
0.367073742,0.272650866,0.482477209
0.277932278,0.500382864,0.549699458
0.509373952,0.183196372,0.576472409
0.384304169,0.393912546,0.380822833
0.41913869,0.139023972,0.405871646
0.276068498,0.431394894,0.417287864
0.482825967,0.337624503,0.611368195
0.549953321,0.33248656,0.358698732
0.193284393,0.705298718,0.534523599
0.202879764,0.529058034,0.476001174
0.451948991,0.619673256,0.430550088
0.232887899,0.386536257,0.472371027
0.372182188,0.424342351,0.457829222
0.340440834,0.376296638,0.44527121
0.497271233,0.424444661,0.723959431
0.589794858,0.679035614,0.569259998
0.467557566,0.253624926,0.385135929
0.485859162,0.405810083,0.439417398
0.690724665,0.317981783,0.441819585
0.538234174,0.583520395,0.732603478
0.375604248,0.49707689,0.383301325
0.593835651,0.395835744,0.563275718
0.564439513,0.299464464,0.470763671
0.483524978,0.335250119,0.478758516
0.332881428,0.389502237,0.455278252
0.413784832,0.262720221,0.457663318
0.291797548,0.433643865,0.227402017
0.33867918,0.543790859,0.435515791
0.49141618,0.80430187,0.52353316
0.218240348,0.237764599,0.512085621
0.350479667,0.268377399,0.643408075
0.483253154,0.60177011,0.49377705
0.486883383,0.615531877,0.333433251
0.19509132,0.075600111,0.427434631
0.305891425,0.66553478,0.538078922
0.306569964,0.439377753,0.406091385
0.254348425,0.369598244,0.602254986
0.514358738,0.349337033,0.486593972
0.417363682,0.373152588,0.42702712
0.294099116,0.385343047,0.368436517
0.379700102,0.271049737,0.393356233
0.516252247,0.439203258,0.42850338
0.416954013,0.277565404,0.544527012
0.231180793,0.419128088,0.386858954
0.274328228,0.486483054,0.520804211
0.328066207,0.249847143,0.632455469
0.262217446,0.300297414,0.421051422
0.345806339,0.430187529,0.50872136
0.377114334,0.690468182,0.410424809
0.316915659,0.371272135,0.493333089
0.330689037,0.319762826,0.420311316
0.281722018,0.604054931,0.380956326
0.489185682,0.288719991,0.380134855
0.316813681,0.319805886,0.507756425
0.225542486,0.23788597,0.446765173
0.336561161,0.397167927,0.550253652
0.44719492,0.605528229,0.294542165
0.449615421,0.74802119,0.334339457
0.40512904,0.407966235,0.691740601
0.32232005,0.424754129,0.38316898
0.339593112,0.173873079,0.664107145
0.257511634,0.494067678,0.323200586
0.115619832,0.524635578,0.598106063
0.508954795,0.170216684,0.205553115
0.1945704,0.576132145,0.500840229
0.182720998,0.44156353,0.454443942
0.47777177,0.397997163,0.420845964
0.348965201,0.281621367,0.374777684
0.030960288,0.338626004,0.385152196
0.318618485,0.526336454,0.271751258
0.041211627,0.45021939,0.615323102
0.360903533,0.328276488,0.346269149
0.418846793,0.59000162,0.447564751
0.342300268,0.561499429,0.470927833
0.253532854,0.291886929,0.347972691
0.453521737,0.175715263,0.373374665
0.282921244,0.375500099,0.382979966
0.279562027,0.435456356,0.433715608
0.394404782,0.443847204,0.541711003
0.324314807,0.636546868,0.367977641
0.329309164,0.378416699,0.372636116
0.418133282,0.624569283,0.388021178
0.485409347,0.73209611,0.164720513
0.441149831,0.537730751,0.422808108
0.236712063,0.38699375,0.481745736
0.294711296,0.326408706,0.357090324
0.231946702,0.331858255,0.406197928
0.358636886,0.384172584,0.557393846
0.303876909,0.323725735,0.553975153
0.345247279,0.577140331,0.630061071
0.453477575,0.539490882,0.408866593
0.24328912,0.229660655,0.329676501
0.186160735,0.454853736,0.311188212
0.371497146,0.355299917,0.493022857
0.361949039,0.480027228,0.493508686
0.333313642,0.503457844,0.619160165
0.549170117,0.370430781,0.45371068
0.159147837,0.479617888,0.352497256
0.347169854,0.225517952,0.282060225
0.297815065,0.516869194,0.490149499
0.371139486,0.535907297,0.602367979
0.51206709,0.467326018,0.522622802
0.431689185,0.13122773,0.402517815
0.302408596,0.267613874,0.478098808
0.299485624,0.343963988,0.418189845
0.445723455,0.38347758,0.533701584
0.344069304,0.510751234,0.502453548
0.302178811,0.613978574,0.413796027
0.16534595,0.23928291,0.450656398
0.286693747,0.19047682,0.460673331
0.406890528,0.50289762,0.519802147
0.494480365,0.360589182,0.378545415
0.51898092,0.286174133,0.477683102
0.306374619,0.290646575,0.401790802
0.264879378,0.551289973,0.316053136
0.473042799,0.392381389,0.364329316
0.253091549,0.321344824,0.493297744
0.233447822,0.535887317,0.393786356
0.254569467,0.291690269,0.278601878
0.306942222,0.515717176,0.2835403
0.464777432,0.496357462,0.397978763
0.41318375,0.502056366,0.545105156
0.466835976,0.696035403,0.430736765
0.421987888,0.668460681,0.536393908
0.375170325,0.450530902,0.407297533
0.51729334,0.566619078,0.461923422
0.190770076,0.607551334,0.465029084
0.462514434,0.428390931,0.391055765
1,0.515391636,0.084642491
0.510851556,0.381623079,0.491383962
0.385314852,0.704629897,0.496102668
0.401160777,0.398179487,0.554944243
0.010740323,0.33659281,0.473354569
0.461211123,0.586525901,0.415567987
0.316231578,0.478202681,0.365801454
0.196238902,0.526257616,0.481119031
0.264930226,0.454980246,0.370800722
0.242269628,0.281922239,0.52733161
0.304552645,0.460733123,0.365182549
0.341046809,0.533968128,0.378584473
0.253492906,0.548776511,0.445377969
0.15633871,0.528758766,0.592067125
0.354010158,0.523790687,0.544241071
0.554123216,0.449084946,0.58284412
0.167264112,0.47624025,0.312681782
0.391105504,0.366780089,0.414951871
0.359447231,0.160533322,0.500827842
0.573434682,0.514525594,0.636084151
0.26945836,0.404289919,0.392327946
0.339883599,0.609820147,0.437038181
0.274663209,0.48772881,0.43997163
0.217298204,0.513878252,0.398978521
0.410052891,0.455438414,0.364188855
0.5612231,0.402838204,0.424399343
0.556917435,0.495991028,0.674792149
0.469265718,0.530794248,0.516270095
0.339810355,0.493823388,0.49901416
0.442573567,0.517530365,0.397862188
0.383914939,0.396201934,0.339866029
0.490391942,0.477402731,0.416532221
0.455083932,0.066594102,0.289482645
0.393889006,0.551672003,0.20590035
0.249235301,0.445794816,0.26472607
0.19584026,0.493756295,0.561524856
0.412128075,0.12452193,0.467473753
0.477235588,0.682484612,0.582856264
0.347723704,0.354786961,0.311965982
0.445639461,0.208487186,0.421191848
0.29005197,0.397081898,0.395638375
0.307520194,0.357151322,0.693251104
0.502445125,0.786200858,0.099639575
0.442368119,0.336593147,0.463609419
0.43034153,0.243317352,0.394156204
0.461979928,0.634827895,0.473426272
0.318064303,0.524228779,0.578156623
0.482939143,0.415972724,0.55365252
0.19427336,0.227946276,0.483187646
0.342452247,0.361079079,0.38678024
0.287400273,0.662191792,0.516725611
0.287224554,0.353759156,0.383577209
0.472078882,0.206976823,0.570711624
0.352572719,0.336878377,0.401536307
0.091799731,0.524074502,0.364670729
0.068941336,0.288896877,0.282907148
0.222947211,0.608702238,0.399466406
0.194993025,0.426065876,0.41273648
0.333689086,0.558373355,0.522681303
0.387362,0.378432967,0.299728446
0.279791613,0.295448196,0.533209862
0.360292199,0.360868876,0.457284535
0.522958589,0.661121466,0.529598387
0.369239208,0.493169085,0.489296128
0.448549676,0.085359891,0.30917975
0.359882962,0.288894434,0.427003533
0.244540804,0.316534978,0.359502442
0.393501385,0.729864921,0.441343887
0.420006419,0.61742648,0.420814742
0.439604691,0.463140304,0.495005649
0.372391402,0.733231781,0.362762796
0.243816062,0.362804458,0.497262896
0.413711239,0.654938403,0.326199972
0.35852532,0.600900751,0.515978659
0.467591044,0.396748133,0.583018964
0.277289722,0.188313068,0.33001722
0.232452623,0.562018324,0.391107376
0.394912049,0.293592337,0.425543402
0.466533644,0.775517474,0.412628004
0.379023206,0.439100662,0.390705348
0.261117493,0.360319569,0.405378373
0.480732086,0.700213091,0.554035335
0.223168088,0.314459104,0.430400082
0.323069311,0.597876085,0.380163154
0.384107563,0.434058589,0.33167583
0.554553339,0.383156787,0.496460256
0.445056578,0.606800659,0.50393656
0.546458946,0.387400905,0.490060625
0.564790885,0.685776525,0.51970489
0.492128877,0.276299038,0.46745237
0.355968335,0.480860063,0.399310243
0.139813692,0.583681837,0.381835158
0.440061574,0.846284266,0.373592506
0.511741698,0.292560549,0.38009477
0.412299829,0.291544477,0.578477759
0.446865314,0.560015881,0.490602922
0.542248108,0.621227987,0.354513217
0.329258665,0.669727167,0.179414884
0.244982839,0.407988808,0.393307417
0.471248032,0.673563132,0.510171859
0.8133699,0.552095496,0.713783015
0.37606926,0.386220522,0.399358751
0.133756313,0.564340115,0.423241036
0.407006606,0.085499412,0.400968031
0.466990378,0.531949911,0.322296039
0.380025528,0.452422718,0.513817944
0.37287876,0.487706941,0.408271397
0.395332334,0.751278258,0.453228305
0.268449734,0.477681484,0.351160978
0.171318476,0.640261737,0.420117643
0.241467693,0.839533393,0.327448556
0.295832037,0.726645099,0.326305147
0.315647485,0.337679158,0.330708099
0.4757295,0.46436698,0.530843829
0.36112854,0.267157843,0.537366327
0.380169677,0.468509468,0.567980005
0.19460274,0.631223196,0.542339475
0.406383278,0.330276865,0.257074179
0.423140315,0.509328891,0.641560536
0.244958999,0,0.389089533
0.080546714,0.514267084,0.373418657
0.391755376,0.775983052,0.556800742
0.365031489,0.500740567,0.408532338
0.350787906,0.499698332,0.472453465
0.31400269,0.701111268,0.446905993
0.283775453,0.408586376,0.407883785
0.674422388,0.256713279,0.603409786
0.261300395,0.616475678,0.496588173
0.336928708,0.806255653,0.381373928
0.235863777,0.318011287,0.502625168
0.250265593,0.58124299,0.562877186
0.438340747,0.516964904,0.424227592
0.080593499,0.69381735,0.6436381
0.361555612,0.249333361,0.526083444
0.309552643,0.301759702,0.317691495
0.355073564,0.520705506,0.731665731
0.389892673,0.513797296,0.489248351
0.275128703,0.299451097,0.381165649
0.310653923,0.6174565,0.603341094
0.371198911,0.463546442,0.389180546
0.196255492,0.366111846,0.303702746
0.366199526,0.548908543,0.480513723
0.022115224,0.336473142,0.361797494
0.235741975,0.527909581,0.370948172
0.392829382,0.520668909,0.393025665
0.294748474,0.701974126,0.515514643
0.360158618,0.436308508,0.515892734
0.536536241,0.718714308,0.365729109
0.359520624,0.362528557,0.487658213
0.297276858,0.496335098,0.569751254
0.231240184,0.571213578,0.469364187
0.239762976,0.288914924,0.436474439
0.170282957,0.678371387,0.462572914
0.410879262,0.598324965,0.698195574
0.599823754,0.597236879,0.380709313
0.134740831,0.432270545,0.229033824
0.209065651,0.528490882,0.391182946
0.252697425,0.482822843,0.27690658
0.220778486,0.865861801,0.382267734
0.196628779,0.332435105,0.443988495
0.602377852,0.386868801,0.497042716
0.019277154,0.51914575,0.354184543
0.393601206,0.510821567,0.27719915
0.63313286,0.567100418,0.391403736
0.174723382,0.453619802,0.404889223
0.309678925,0.504863457,0.522427585
0.315025832,0.625061062,0.349673583
0.354659798,0.533906521,0.232919045
0.330755894,0.654913192,0.578422481
0.529835988,0.569886945,0.511784219
0.229326518,0.537877845,0.342930344
0.212977757,0.602256121,0.653637923
0.299058685,0.631158597,0.3791473
0.272198464,0.517466361,0.434020365
0.363459373,0.603923961,0.51519927
0.445867388,0.737664604,0.475199022
0.608426823,0.439255089,0.693803028
0.479899677,0.674251065,0.428287633
0.406120512,0.486683681,0.556304207
0.409790092,0.678323572,0.671448606
0.122302307,0.37034091,0.474687423
0.18364831,0.575381791,0.459421201
0.455520011,0.52699356,0.544181124
0.078128554,0.66127991,0.582495947
0.330818073,0.350144548,0.271455951
0.662367812,0.621806953,0.497040937
0.026026238,0.491369313,0.359566864
0.439029058,0.573495573,0.408514242
0.042392581,0.539302123,0.48740778
0.576864506,0.414025204,0.430580078
0.155584615,0.630108221,0.342800658
0.35278754,0.409411337,0.797430176
0.461157489,0.528923821,0.8247568
0.241584602,0.706015236,0.515561417
0.345550209,0.61171198,0.433159399
0.343170419,0.554351407,0.507345113
0.420013586,0.521136987,0.685279686
0.204115239,0.641625482,0.503372766
0.442591169,0.648033912,0.454996731
0.22272602,0.769997271,0.397733204
0.337895777,0.277408972,0.431548462
0.219192553,0.305925967,0.468715441
0.470880436,0.261216601,0.339159517
0.28235462,0.537160915,0.292891287
0.430682284,0.253927191,0.835316039
0.311508315,0.432368615,0.441183877
0.580321587,0.586971084,0.550859271
0.561808189,0.226333879,0.45038425
0.191053055,0.494050475,0.300292445
0.419165002,0.138356958,0.810850547
0.465754488,0.413816311,0.477138785
0.512389596,0.495982426,0.615326897
0.374926605,0.186900765,0.456796383
0.266608001,0.30176831,0.421975929
0.266505311,0.156486889,0.503770818
0.470345332,0.364501608,0.53633289
0.406194934,0.482537774,0.563157698
0.465686669,0.071129045,0.326055235
0.267642541,0.405644258,0.421312332
0.320180414,0.49604952,0.35149725
0.416864561,0.369966528,0.611588444
0.347081165,0.489878443,0.501029251
0.51838095,0.351236608,0.877507052
0.313803131,0.527074921,0.589726206
0.528991236,0.41517507,0.429830541
0.174586805,0.417344299,0.518409033
0.40639514,0.372088843,0.350444083
0.505811941,0.791224845,0.578386808
0.338674751,0.319093748,0.367233814
0.283023736,0.417644036,0.423319956
0.351519963,0.430401217,0.51520344
0.397285584,0.272584357,0.483302874
0.307375166,0.371810088,0.435668156
0.414193272,0.744856643,0.372392098
0.492004387,0.317823855,0.390662758
0.270805153,0.449932186,0.503694191
0.220224345,0.437443789,0.416050638
0.329371907,0.373582915,0.443320621
0.581992312,0.52207888,0.40396398
0.278337982,0.150139318,0.486540409
0.420120458,0.365764542,0.463799638
0.282661913,0.357011596,0.415952664
0.295650395,0.739761262,0.278871528
0.199560511,0.306987481,0.455142785
0.414083182,0.365642431,0.340782053
0.704118685,0.107881993,0.248237007
0.564588224,0.247872681,0.462128915
0.244018109,0.318134189,0.416061901
0.49670207,0.738359711,0.690441123
0.404265723,0.474251659,0.477316835
0.484361585,0.398011655,0.349944259
0.525516769,0.415580921,0.602096702
0.628729547,0.235997147,0.409700378
0.403790973,0.396837804,0.442441927
0.163583724,0.447055908,0.500172757
0.50108302,0.314665277,0.472275417
0.375751615,0.328680805,0.305977062
0.218059708,0.44320897,0.481034457
0.425845944,0.408938606,0.523655849
0.149580038,0.555336599,0.590776959
0.526909482,0.515553376,0.873085422
0.392921539,0.408247703,0.272066525
0.383673557,0.487140215,0.488673533
0.304383031,0.330721765,0.339637156
0.451984891,0.238757206,0.640898113
0.484977514,0.462275579,0.380606866
0.463545639,0.552062823,0.514020321
0.412334469,0.49412789,0.527313787
0.192185435,0.447786564,0.462744641
0.373764954,0.393889768,0.372964348
0.283140844,0.499117588,0.443439607
0.676078829,0.282975815,0.570655404
0.501717878,0.185357784,0.500345014
0.357469927,0.60823082,0.484213148
0.750373289,0.402466352,0.520201
0.088243143,0.333820295,0.418925709
0.254827638,0.231080958,0.52499821
0.491401398,0.41792053,0.373143123
0.277163292,0.432299459,0.336925619
0.048247976,0.375051621,0.480938044
0.648270434,0.370027669,0.495801361
0.342159238,0.316825681,0.262341757
0.441110928,0.527019871,0.432071691
0.179477005,0.514782041,0.332826132
0.500301209,0.55662899,0.420093424
0.346721233,0.74856618,0.443602244
0.374301103,0.493899084,0.740748796
0.271586947,0.627066988,0.315671743
0.330093845,0.54338981,0.468700422
0.507672569,0.430863781,0.586599341
0.546267549,0.648740201,0.360404355
0.46462678,0.388278334,0.241248576
0.386255742,0.284385176,0.748939491
0.236149694,0.658477868,0.240491007
0.339973466,0.641452614,0.408496874
0.34587079,0.628207528,0.484866551
0.538560428,0.266275597,0.394302087
0.427381728,0.515193337,0.4517563
0.379511427,0.442447819,0.330688498
0.347981443,0.464393714,0.415565531
0.234889425,0.35381142,0.422961985
0.336743516,0.433511837,0.409598053
0.36660455,0.377817891,0.38084306
0.58264741,0.387224645,0.596181014
0.19668034,0.567674139,0.316152718
0.325868657,0.369328382,0.374926646
0.450502859,0.3886132,0.445293309
0.632538863,0.531314414,0.533243663
0.535868635,0.657565333,0.561440379
0.527849725,0.522035205,0.527630379
0.56212955,0.572316559,0.545530788
0.296609683,0.330070898,0.37872891
0.431709209,0.444609463,0.439696874
0.505448989,0.29547587,0.298448835
0.326789656,0.405647338,0.50645244
0.424401803,0.167196009,0.423938107
0.119054583,0.408912405,0.428876837
0.365769336,0.409252007,0.448188427
0.363417849,0.529614722,0.494657975
0.294953624,0.465368526,0.461455854
0.532673822,0.595704951,0.284778826
0.474084721,0.542120989,0.383754889
0.362133335,0.444111395,0.409770704
0.334855631,0.490472816,0.580588541
0.414709912,0.84286767,0.434284995
0.37466009,0.497753171,0.480441402
0.21858085,0.329761665,0.38226108
0.393135613,0.464772896,0.34950738
0.192280587,0.526858694,0.550275195
0.313757061,0.300596454,0.465893302
0.483884463,0.554435074,0.594742115
0.409459325,0.325081035,0.407068728
0.318723598,0.608983937,0.237180852
0.315500781,0.343089002,0.512482056
0.350277471,0.338014067,0.544725328
0.571522045,0.530373686,0.302046634
0.288386039,0.216868038,0.355765146
0.37454061,0.439663008,0.323002928
0.186410079,0.401237631,0.459068207
0.279292227,0.569709831,0.287531875
0.390429635,0.348218635,0.406579296
0.362694401,0.452840572,0.345746046
0.268709928,0.508073153,0.432447389
0.434541585,0.672190896,0.564086465
0.2112778,0.402025848,0.277451011
0.488961554,0.267815997,0.305467198
0.397729643,0.478396771,0.454047508
0.651173184,0.419599092,0.30887259
0.38047186,0.329501583,0.456365583
0.294697212,0.686578655,0.579170555
0.47323622,0.49308493,0.371462302
0.395180886,0.575201409,0.252589467
0.4405487,0.303294707,0.454991976
0.411840275,0.866172978,0.371355228
0.325103817,0.440836076,0.514190667
0.543770852,0.359760686,0.405419424
0.356853599,0.301485041,0.496140444
0.294091585,0.386929305,0.46669093
0.482121581,0.372814875,0.328941732
0.238530752,0.337706735,0.396501724
0.353017275,0.375659782,0.565545466
0.335612308,0.411565487,0.387770976
0.461002374,0.676807022,0.421475336
0.683933832,0.506879728,0.452087956
0.510160591,0.711387823,0.39678203
0.313863004,0.435196414,0.413132258
0.294982988,0.36890466,0.364791185
0.35355948,0.439015264,0.446187542
0.412299779,0.352796638,0.667268989
0.301859474,0.521628542,0.424492186
0.320095508,0.995649358,0.195924524
0.191804009,0.5075778,0.123111407
0.295879583,0.494310247,0.453937339
0.50284907,0.404987825,0.469710482
0.613827399,0.372632845,0.543101439
0.537228616,0.407834489,0.630744013
0.20472649,0.62054506,0.420707949
0.480426088,0.414808471,0.442332083
0.264942486,0.446456531,0.542793724
0.277619561,0.245422973,0.466091701
0.399462911,0.298363983,0.609471032
0.363159048,0.525315682,0.664060515
0.508327186,0.39587985,0.611489093
0.193821719,0.270041011,0.370454267
0.257674646,0.663001223,0.470449315
0.296191156,0.145524362,0.467976391
0.339051787,0.620422599,0.505392448
0.428914924,0.315153237,0.341699634
0.395259721,0.321708878,0.497028605
0.391152154,0.443904963,0.687910713
0.338436272,0.422572353,0.408841441
0.504038724,0.626359925,0.534846747
0.496774003,0.172547671,0.401949445
0.446222294,0.139125094,0.431937679
0.453815609,0.525242161,0.631415419
0.339120801,0.429037918,0.634088661
0.383520682,0.394456795,0.473744916
0.347931956,0.292232255,0.388127841
0.513354126,0.650762816,0.181873328
0.364631841,0.593403701,0.458716428
0.879579407,0.653680433,0.295389686
0.424953712,0.605783022,0.466757466
0.185987643,0.558974509,0.543105939
0.425365255,0.441670393,0.31117718
0.389574995,0.403685268,0.442035151
0.175863648,0.424179593,0.636504505
0.373160206,0.182218956,0.521522696
0.371164106,0.449771373,0.473642112
0.145499844,0.310382082,0.398359634
0.3708992,0.324438992,0.4728372
0.565023159,0.359718307,0.53759553
0.28851743,0.179043347,0.407078914
0.402356321,0.471390419,0.736946764
0.254393018,0.390671931,0.402289822
0,0.849827255,0.619494135
0.370077142,0.366236984,0.605179976
0.376072677,0.212128804,0.544541892
0.611323501,0.420056429,0.452182312
0.421550631,0.595332427,0.633461203
0.243585198,0.585923713,0.454416979
0.386436223,0.708624685,0.501642386
0.516151232,0.681756958,0.501278457
0.363017372,0.546519601,0.268035746
0.375365106,0.719964726,0.505196251
0.348333362,0.683875402,0.401973272
0.38832454,0.390859344,0.43766131
0.441904434,0.611326873,0.423161569
0.439880546,0.597552356,0.521897224
0.314352651,0.508423969,0.395810886
0.484486125,0.636235323,0.50257443
0.350485374,0.190156714,0.450496224
0.565581289,0.596352938,0.462939636
0.237210868,0.186859855,0.353628401
0.513248615,0.455012927,0.343286302
0.400779146,0.366852542,0.429353244
0.341051919,0.366227539,0.526344564
0.629562985,0.515782167,0.723684855
0.228189902,0.363673698,0.476792894
0.188067383,0.531914317,0.342416871
0.278082184,0.28645522,0.342035461
0.547580466,0.482429571,0.480407714
0.352562632,0.735517437,0.388088809
0.479650548,0.526613847,0.491926659
0.314430308,0.077426485,0.519787827
0.364641147,0.594974751,0.44842811
0.504949537,0.393527475,0.361366328
0.434807486,0.327977457,0.438896895
0.467439248,0.501414445,0.367316291
0.349174133,0.30880195,0.315337319
0.531205077,0.560587059,0.365625364
0.412666464,0.497733334,0.414761003
0.57953903,0.29198972,0.36033343
0.446456458,0.486674725,0.487676775
0.423590943,0.608019086,0.485723312
0.525509369,0.44176488,0.451099127
0.45953368,0.780823908,0.424210785
0.241692386,0.514304085,0.460241355
0.441923148,0.29661025,0.500134192
0.382068345,0.751039284,0.440982669
0.384076324,0.479814211,0.302968473
0.27472927,0.507369846,0.275819649
0.448898841,0.437052478,0.448048616
0.294505334,0.463906539,0.356856661
0.524473221,0.349976539,0.435569088
0.444465152,0.334189861,0.335262562
0.210959658,0.357934589,0.402850058
0.262282362,0.281329166,0.471050215
0.23790827,0.325624209,0.589729635
0.156152151,0.279832324,0.315078291
0.113627878,0.418082501,0.304890199
0.18705082,0.167895624,0.503740492
0.623556982,0.325065653,0.497498975
0.145481074,0.686316639,0.626026601
0.234502966,0.497959862,0.426473435
0.377474897,0.777612016,0.458157309
0.223720694,0.479488193,0.354133271
0.250869744,0.138694887,0.451094468
0.435007741,0.34629994,0.641090334
0.419259331,0.379139101,0.449568321
0.394293067,0.597598642,0.487868358
0.408737884,0.435867863,0.330584572
0.606018466,0.575019661,0.493927903
0.508572417,0.403967561,0.653712613
0.377403378,0.589600756,0.37797649
0.359573596,0.585491455,0.450830238
0.415743456,0.409715562,0.386593631
0.417065231,0.170196005,0.440125518
0.1465128,0.431558434,0.317766343
0.231213989,0.42564149,0.368441392
0.501560872,0.42574576,0.428497419
0.433360607,0.349566717,0.584429802
0.356155102,0.372801267,0.412976967
0.354658802,0.441785879,0.489428301
0.402836247,0.430865734,0.42168417
0.309060291,0.513071696,0.390332695
0.310644318,0.354491508,0.717103741
0.17655677,0.507021683,0.368323406
0.282204416,0.554229258,0.389888341
0.484895544,0.666963891,0.512639372
0.445156548,0.455066882,0.333131069
0.391272214,0.58187725,0.477039345
0.4866567,0.452457108,0.360698084
0.715189221,0.505868619,0.1183403
0.368707074,0.612042098,0.407730068
0.459180649,0.287061953,0.405857706
0.3991164,0.313204254,0.531393536
0.290522207,0.469589426,0.381303501
0.35281332,0.408330026,0.728363752
0.49775383,0.445506071,0.473835976
0.226828975,0.544643093,0.449325747
0.346063066,0.427066713,0.407564532
0.239469867,0.366459459,0.406073381
0.413291551,0.232096222,0.419822593
0.777329997,0.496135537,0.494824161
0.267032003,0.492087008,0.435869731
0.318457746,0.271779182,0.583899577
0.597981159,0.355230063,0.429192935
0.160902175,0.425526992,0.442914828
0.333327843,0.324328116,0.404936431
0.430503894,0.386647013,0.642681675
0.463595973,0.487626291,0.536735102
0.311491609,0.414099566,0.462486901
0.302387312,0.320961169,0.468386348
0.297851396,0.393987563,0.454513766
0.298701938,0.532560346,0.311220984
0.405771446,0.536891404,0.38876674
0.556287404,0.682846204,0.467164242
0.416903978,0.31700244,0.558268419
0.246690725,0.488225931,0.440465997
0.368875095,0.39617984,0.4844571
0.288890933,0.388397881,0.353383706
0.417136401,0.485913341,0.760450211
0.55928231,0.513207916,0.611683474
0.364684978,0.429006226,0.551766202
0.22019299,0.327765734,0.654315678
0.413402155,0.725002286,0.502274327
0.165996602,0.397406278,0.433209388
0.140612291,0.187188906,0.449298945
0.431452714,0.209768726,0.535046702
0.279035417,0.375833795,0.496544056
0.425865338,0.540855793,0.361378951
0.292392325,0.422550763,0.550882476
0.413221724,0.148693365,0.326615865
0.280642537,0.670568143,0.342250343
0.47256143,0.155189058,0.374210922
0.397005697,0.518725769,0.560012222
0.279813943,0.420072354,0.351499507
0.180624007,0.449610096,0.385768928
0.426480238,0.370176892,0.307528187
0.297939455,0.525546563,0.337245265
0.542895292,0.345814275,0.679641809
0.565017402,0.113079253,0.716506156
0.416227297,0.65764016,0.594095707
0.291023368,0.42385873,0.646603907
0.432189086,0.238799148,0.237971091
0.482291859,0.487278476,0.486593448
0.39656849,0.172950215,0.222682069
0.476919702,0.493212465,0.495817245
0.405252401,0.462663707,0.426784392
0.542399655,0.242664136,0.512407312
0.391352974,0.343429132,0.604288211
0.383459433,0.609740041,0.512480419
0.502142494,0.513946602,0.538250099
0.422481169,0.528605502,0.395022009
0.466035021,0.421822247,0.474663658
0.480458388,0.760313238,0.51847151
0.15589998,0.382578433,0.4147472
0.528525394,0.43124227,0.48092544
0.356159548,0.276977457,0.552238464
0.293687175,0.42322729,0.480724662
0.344896786,0.414086831,0.455139253
0.462217195,0.486233588,0.619396722
0.436296122,0.245789683,0.336554027
0.401062168,0.349275608,0.399664252
0.243483918,0.421045182,0.47976669
0.296444598,0.508318346,0.283764983
0.433235769,0.522008304,0.496191231
0.241261532,0.255390038,0.475564072
0.331720342,0.734201043,0.663147314
0.418429924,0.471975147,0.421630233
0.312963074,0.342474631,0.375670651
0.176008394,0.334573825,0.478049267
0.176969451,0.398979076,0.482149546
0.205686309,0.858327069,0.555583378
0.490493256,0.413593065,0.322778108
0.341820591,0.301064973,0.439811174
0.573302877,0.49432573,0.062033522
0.553579153,0.492201146,0.362726952
0.536072772,0.265904673,0.332772305
0.079538644,0.330827353,0.484823171
0.180289341,0.588485929,0.497788971
0.266845584,0.487457716,0.405044274
0.241996477,0.519549597,0.386155375
0.376224175,0.290806137,0.502932682
0.249846502,0.304495796,0.388052565
0.509351407,0.291672927,0.458912338
0.663330451,0.433285298,0.369068831
0.466972925,0.405616686,0.345072801
0.561351339,0.516648437,0.512461225
0.048463192,0.509113944,0.35894484
0.365632288,0.446458539,0.665853389
0.788272908,0.099658227,0.548970103
0.510091909,0.353395164,0.549512624
0.478802925,0.216588825,0.495155553